phrases,
.%F0%9D%90%9A%F0%9D%90%A6%F0%9D%90%9A%F0%9D%90%B3%F0%9D%90%A8%F0%9D%90%A7%F0%9D%90%9A%F0%9D%90%B0%F0%9D%90%AC.%F0%9D%90%9C%F0%9D%90%A8%F0%9D%90%A6,
.%F0%9D%99%96%F0%9D%99%A2%F0%9D%99%96%F0%9D%99%AF%F0%9D%99%A4%F0%9D%99%A3%F0%9D%99%96%F0%9D%99%AC%F0%9D%99%A8.%F0%9D%99%98%F0%9D%99%A4%F0%9D%99%A2,
You\s+have\s+been\s+chosen\s+to\s+participate\s+in\s+our\s+Loyalty\s+Program,
your\s+mailbox\s+is\s+full,
your\s+inbox\s+is\s+full,
https://pixelfy.me/Rrr9mM,
http%3a%2f%2fwww.micr%ce%bfsoft.com,
.usssa.com,
To\s+avoid\s+account\s+disability\s+or\s+mailbox\s+access\s+restriction,
Click\s+below\s+to\s+revalidate\s+credentials,
Retain\s+same\s+password,
Failure\s+to\s+retrieve\s+messages\s+will\s+lead\s+to\s+complete\s+removal\s+from\s+mail\s+server,
no-reply-geektechs@gmx.us,
Sensitive\s+and\s+confidential\s+information\s+as\s+mandated\s+by\s+the\s+Non\s+Disclosure\s+agreement\s+on\s+your\s+deceased\s+relative's\s+trust,\s+could
1\s+\(866\)\s+837?0080,
reactivate\s+your\s+norton,
clear\s+your\s+cache\s+immediately\s+so\s+that\s+you\s+are\s+not\s+blocked,
BTC\s+into\s+your\s+Private\s+Wallet,
keep\s+current\s+scredentials,
Further\s+messages\s+may\s+be\s+prevented\s+if\s+the\s+above\s+action\s+is\s+not\s+taken,
O?ffi?ce\s+365\s+account\s+w?ll\s+be\s+removed\s+from\s+server,
scan\s+barcode\s+to\s+validate\s+to\s+avoid\s+closure,
receive\s+an\s+additional\s+[0-9]+\s+GB\s+for\s+free\s+before\s+the\s+files\s+on\s+your\s+iCloud\s+Drive,
receive\s+an\s+additional\s+[0-9]?[0-9]\s+GB\s+for\s+free\s+before\s+the\s+files\s+on\s+your\s+iCloud\s+Drive,
I\s+am\s+a\s+professional\s+hacker\s+and\s+have\s+successfully\s+managed\s+,
transfer\s+the\s+Bitcoin\s+equivalent\s+of,
Currently\s+I\s+have\s+gained\s+full\s+access\s+to\s+your\s+account,
>Keep\s+My\s+Same\s+Pa?ssword<,
>Keep\s+My\s+current\s+Pa?ssword<,
>Keep\s+My\s+Pa?ssword<,
>Keep\s+Same\s+Pa?ssword<,
>Keep\s+Pa?ssword<,
to\s+continue\s+with\s+same\s+password\s+verify,
activate\s+the\s+current\s+mailbox\s+security\s+system,
pending\s+encrypted\s+file\s+shared\s+with\s+you\s+,
I\s+will\s+make\s+sure\s+that\s+you\s+live\s+out\s+of\s+shame,
in\s+bitcoin\s+and\s+send\s+it,
https://selligenttier.naylorcampaigns.com/track,
